,1 Lag Mean,1 Lag zscore,3 Lag Mean,3 Lag zscore,5 Lag Mean,5 Lag zscore,7 Lag Mean,7 Lag zscore
EN,0.542763157894737,2.0506267819160997,0.49403973509933774,1.0748000149341788,0.4886666666666667,1.0323858011596667,0.4873333333333333,1.00410125866214
SVC,0.4638157894736842,0.3535638321944152,0.48013245033112584,0.7778134947280647,0.4866666666666667,0.9899589874133791,0.5,1.2728044123886295
L1,0.5282894736842105,1.7394985744671225,0.48476821192052977,0.8768090014634352,0.5133333333333333,1.55564983736388,0.5253333333333333,1.8102107198416062
L2,0.5335526315789474,1.8526361044485684,0.4960264900662252,1.1172266606779098,0.506,1.4000848536274926,0.4966666666666666,1.202093056144815
CATBOOST,0.5552631578947368,2.3193284156220293,0.5582781456953642,2.446594893981467,0.5526666666666666,2.3900438410408706,0.56,2.5456088247772604
LightGBM,0.5657894736842106,2.5456034755849233,0.5596026490066224,2.474879324477286,0.5566666666666665,2.4748974685334435,0.5766666666666668,2.899165605996325
RF,0.5585526315789473,2.3900393718604325,0.5589403973509934,2.46073710922938,0.562,2.588035638523548,0.5566666666666666,2.4748974685334457
