iter	MultiClass
0	1.097788473
1	1.096878243
2	1.095908793
3	1.094912028
4	1.094283743
5	1.093329333
6	1.092350802
7	1.091726136
8	1.09091206
9	1.089980321
