iter	MultiClass
0	1.09745954
1	1.09555492
2	1.093467255
3	1.091365317
4	1.089398873
5	1.087111798
6	1.085928795
7	1.084386386
8	1.083392666
9	1.081696097
